populacao,municipio
23167,1100015
106168,1100023
5438,1100031
84813,1100049
16444,1100056
16227,1100064
7567,1100072
17855,1100080
32047,1100098
45783,1100106
51933,1100114
127907,1100122
39097,1100130
20459,1100148
36340,1100155
36434,1100189
519531,1100205
19409,1100254
3723,1100262
54702,1100288
6781,1100296
97448,1100304
22931,1100320
29757,1100338
14722,1100346
13227,1100379
20999,1100403
38937,1100452
8751,1100502
6190,1100601
14009,1100700
25983,1100809
3119,1100908
10886,1100924
24226,1100940
8095,1101005
10272,1101104
9762,1101203
11080,1101302
15695,1101401
7047,1101435
5947,1101450
2191,1101468
2939,1101476
5280,1101484
19842,1101492
11860,1101500
4384,1101559
10494,1101609
11665,1101708
11028,1101757
6998,1101807
15020,1200013
7300,1200054
25848,1200104
10111,1200138
11456,1200179
87673,1200203
18122,1200252
34675,1200302
8159,1200328
18638,1200336
9336,1200344
18430,1200351
19565,1200385
11720,1200393
401155,1200401
18504,1200427
6362,1200435
22810,1200450
45177,1200500
41976,1200609
19048,1200708
18180,1200807
15860,1300029
11332,1300060
13269,1300086
20538,1300102
21583,1300144
19438,1300201
38830,1300300
27364,1300409
31593,1300508
42020,1300607
19258,1300631
18781,1300680
33976,1300706
40565,1300805
12877,1300839
15450,1300904
28076,1301001
37384,1301100
29595,1301159
84272,1301209
28100,1301308
34840,1301407
19668,1301506
18221,1301605
16416,1301654
54001,1301704
28933,1301803
47571,1301852
99955,1301902
7888,1301951
9064,1302009
3265,1302108
14312,1302207
14753,1302306
45245,1302405
96236,1302504
31147 ,1302553
2145444,1302603
54907,1302702
18186,1302801
62755,1302900
20899,1303007
36721,1303106
18974,1303205
25237,1303304
113168,1303403
19329,1303502
35352,1303536
32577,1303569
24436 ,1303601
21966,1303700
44816,1303809
38515,1303908
13685,1303957
9110,1304005
64488,1304062
17299,1304104
60154,1304203
18610,1304237
13387,1304260
16383 ,1304302
22537,1304401
12394,1400027
15638,1400050
375374,1400100
12257,1400159
17868,1400175
21564,1400209
9950,1400233
11600,1400282
17528,1400308
11045,1400407
15580,1400456
29533,1400472
8052,1400506
7860,1400605
10325,1400704
156292,1500107
7382,1500131
55513,1500206
38863,1500305
27241,1500347
56480,1500404
34142,1500503
113195,1500602
28859,1500701
525566,1500800
27161,1500859
45516,1500909
30896,1500958
16371,1501006
30009,1501105
46416,1501204
3310,1501253
122294,1501303
1485732,1501402
17624,1501451
61689,1501501
16841,1501576
16038,1501600
126436,1501709
15190,1501725
7392,1501758
64738,1501782
101891,1501808
28832,1501907
33178,1501956
23466,1502004
136390,1502103
36050,1502152
68616,1502202
54179,1502301
198294,1502400
23482,1502509
12040,1502608
47734,1502707
32847,1502756
13179,1502764
18014,1502772
33893,1502806
14197,1502855
39540,1502905
58956,1502939
33674,1502954
7319,1503002
20080,1503044
26020,1503077
39857,1503093
32991,1503101
38588,1503200
62355,1503309
11559,1503408
62455,1503457
32504,1503507
101097,1503606
53182,1503705
8899 ,1503754
58457,1503804
56908,1503903
28583,1504000
29917,1504059
8523,1504109
275086,1504208
29429,1504307
28220,1504406
129321,1504422
31213,1504455
27415,1504505
30736,1504604
80988,1504703
15982,1504752
57900,1504802
39783,1504901
21291,1504950
16499,1504976
15218,1505007
25758,1505031
74602,1505064
51964,1505106
32168,1505205
72160,1505304
17721,1505403
32319,1505437
46986,1505486
7596,1505494
111764,1505502
202882,1505536
5557,1505551
8073,1505601
12983,1505635
30293,1505650
30608,1505700
61126,1505809
40458,1505908
29886,1506005
10792,1506104
13512,1506112
83997,1506138
18186,1506161
51903,1506187
49503,1506195
40424,1506203
23424,1506302
20704,1506351
9939,1506401
69746,1506500
19852,1506559
21042,1506583
24725,1506609
71187,1506708
302667,1506807
6664,1506906
31038,1507003
17970,1507102
25358,1507151
31837,1507201
124763,1507300
15833,1507409
24991,1507458
6059,1507466
22842,1507474
13940,1507508
58328,1507607
26301,1507706
5849,1507755
11839,1507805
25181,1507904
103664,1507953
11591,1507961
18619,1507979
62854,1508001
30656,1508035
18807,1508050
39059,1508084
112148,1508100
57632,1508126
45517,1508159
53191,1508209
61049,1508308
14987,1508357
44410,1508407
5306,1600055
9029,1600105
15931,1600154
10926,1600204
5864,1600212
7591,1600238
5387,1600253
49446,1600279
493634,1600303
21206,1600402
26627,1600501
21484,1600535
4993,1600550
119610,1600600
16855,1600709
15605,1600808
2564,1700251
6572,1700301
5434,1700350
7131,1700400
8427,1700707
9607,1701002
3417,1701051
4741,1701101
5786,1701309
7016,1701903
8567,1702000
177517,1702109
5663,1702158
35346,1702208
6670,1702307
10601,1702406
18178,1702554
3731,1702703
9725,1702901
10662,1703008
3512,1703057
4549,1703073
5614,1703107
4469,1703206
4779,1703305
2191,1703602
5475,1703701
11197,1703800
2266,1703826
9917,1703842
4321,1703867
2556,1703883
4059,1703891
5295,1703909
2874,1704105
1401,1704600
3334,1705102
34990,1705508
4843,1705557
4124,1705607
5536,1706001
7300,1706100
1708,1706258
6018,1706506
21850,1707009
6856,1707108
7211,1707207
4687,1707306
10851,1707405
3841,1707553
5284,1707652
8837,1707702
18482,1708205
2576,1708254
5116,1708304
12942,1709005
25677,1709302
85737,1709500
1977,1709807
7414,1710508
5896,1710706
3758,1710904
2435,1711100
3819,1711506
2202,1711803
13034,1711902
4237,1711951
3101,1712009
1892,1712157
3748,1712405
3060,1712454
5094,1712504
2638,1712702
3403,1712801
18566,1713205
13375,1713304
7827,1713601
2263,1713700
6570,1713809
3514,1713957
9239,1714203
3959,1714302
11719,1714880
4215,1715002
4287,1715101
2332,1715150
2698,1715259
1106,1715507
5919,1715705
7641,1715754
50602,1716109
10461,1716208
4831,1716307
13380,1716505
11623,1716604
5443,1716653
8270,1716703
4464,1717008
3023,1717206
7564,1717503
4601,1717800
7961,1717909
3108,1718006
52700,1718204
8365,1718303
3692,1718402
2659,1718451
4244,1718501
4604,1718550
2088,1718659
2811,1718709
6468,1718758
4627,1718808
3378,1718840
7426,1718865
3381,1718881
2344,1718899
4811,1718907
2834,1719004
2528,1720002
5256,1720101
1572,1720150
11967,1720200
3070,1720259
4757,1720309
4017,1720499
5378,1720655
9078,1720804
1946,1720853
16538,1720903
2131,1720937
2773,1720978
291855,1721000
7471,1721109
22896,1721208
1860,1721257
2613,1721307
11631,1722081
11561,1722107
111757,2100055
6469,2100105
12488,2100154
22083,2100204
26302,2100303
8066,2100402
26839,2100436
31894,2100477
11168,2100501
6918,2100550
41136,2100600
26614,2100709
15566,2100808
17063,2100832
15297,2100873
46103,2100907
32637,2100956
29764,2101004
12076,2101103
104633,2101202
16855,2101251
18508,2101301
5617,2101350
93826,2101400
18714,2101509
87794,2101608
61828,2101707
7409,2101731
11138,2101772
5627,2101806
21260,2101905
6011,2101939
9158,2101970
41435,2102002
33479,2102036
16148,2102077
36139,2102101
9367,2102150
28557,2102200
23827,2102309
71723,2102325
15393,2102358
9382,2102374
11136,2102408
19307,2102507
14294,2102556
20076,2102606
21872,2102705
10932,2102754
24337,2102804
23658,2102903
164224,2103000
10657,2103109
8604,2103125
13243,2103158
21399,2103174
79145,2103208
14617,2103257
122597,2103307
49246,2103406
41042,2103505
16072,2103554
65044,2103604
32765,2103703
12901,2103752
23328,2103802
11296,2103901
17379,2104008
41355,2104057
8481,2104073
10258,2104081
18917,2104099
12615,2104107
15536,2104206
11672,2104305
17924,2104404
10793,2104503
18068,2104552
16772,2104602
7772,2104628
10211,2104651
25616,2104677
6263,2104701
68876,2104800
12063,2104909
28498,2105005
26953,2105104
14026,2105153
11252,2105203
258016,2105302
15897,2105351
67673,2105401
25932,2105427
9993,2105450
16432,2105476
23696,2105500
16136,2105609
3506,2105658
49911,2105708
10808,2105807
16199,2105906
11235,2105922
8889,2105948
11320,2105963
7496,2105989
11867,2106003
12098,2106102
6917,2106201
19620,2106300
21201,2106326
7810,2106359
16013,2106375
16679,2106409
23256,2106508
33615,2106607
16451,2106631
8445,2106672
21000,2106706
28001,2106755
14913,2106805
33201,2106904
9209,2107001
19292,2107100
14264,2107209
5340,2107258
4683,2107308
20774,2107357
19448,2107407
14563,2107456
120621 ,2107506
19661,2107605
21290,2107704
34805,2107803
18898,2107902
19358,2108009
15901,2108058
21015,2108108
39267,2108207
24930,2108256
38203,2108306
14291,2108405
23025,2108454
32815,2108504
82990,2108603
21594,2108702
18527,2108801
18157,2108900
23675,2109007
5995,2109056
47567,2109106
12629,2109205
6959,2109239
18764,2109270
11124,2109304
15197,2109403
30337,2109452
20243,2109502
7755,2109551
42482,2109601
5663,2109700
7719,2109759
41770,2109809
88590,2109908
72440,2110005
25134,2110039
25519,2110104
37404,2110203
13223,2110237
15654,2110278
14534,2110302
18608,2110401
44811,2110500
28343,2110609
7363,2110658
34368,2110708
4609,2110807
11652,2110856
12201,2110906
20629,2111003
15828,2111029
11162,2111052
18438,2111078
25860,2111102
176321,2111201
7642,2111250
1094667,2111300
18988,2111409
41350,2111508
12645,2111532
4651,2111573
18755,2111607
5345,2111631
6649,2111672
22142,2111706
13730,2111722
11067,2111748
14367,2111763
10206,2111789
18001,2111805
10639,2111904
5645,2111953
8459,2112001
29064,2112100
167973,2112209
21885,2112233
5826,2112274
41621,2112308
35497,2112407
25365,2112456
58311,2112506
32775,2112605
55841,2112704
52229,2112803
13183,2112852
32664,2112902
31525,2113009
51471,2114007
7065,2200053
5148,2200103
17349,2200202
7636,2200251
4912,2200277
14268,2200301
40440,2200400
5392,2200459
17592,2200509
6792,2200608
9818,2200707
3158,2200806
5844,2200905
2551,2200954
4735,2201002
7828,2201051
11252,2201101
11497,2201150
3950,2201176
46941,2201200
3344,2201309
7038,2201408
26806,2201507
3999,2201556
3544,2201572
10462,2201606
5495,2201705
6200,2201739
6744,2201770
4496,2201804
24960,2201903
5608,2201919
5654,2201929
6388,2201945
8310,2201960
3902,2201988
19754,2202000
8223,2202026
10540,2202059
3544,2202075
7608,2202083
5770,2202091
5603,2202109
5019,2202117
5919,2202133
7245,2202174
46770,2202208
3957,2202251
21112,2202307
11388,2202406
4086,2202455
10866,2202505
5845,2202539
5049,2202554
19715,2202604
5395,2202653
27725,2202703
4881,2202711
6140,2202729
4007,2202737
6451,2202752
7651,2202778
4798,2202802
4678,2202851
26575,2202901
8264,2203008
10401,2203107
11348,2203206
4939,2203230
4425,2203255
5316,2203271
13793,2203305
6992,2203354
6884,2203404
4356,2203420
9546,2203453
14630,2203503
4900,2203602
39621,2203701
5295,2203750
4464,2203800
2556,2203859
59840,2203909
5349,2204006
4373,2204105
3166,2204154
9262,2204204
11590,2204303
5424,2204352
10686,2204402
10500,2204501
4556,2204550
3875,2204600
9394,2204659
15296,2204709
9782,2204808
8551,2204907
11507,2205003
11010,2205102
5753,2205151
19035,2205201
4494,2205250
4855,2205276
4457,2205300
3010,2205359
14332,2205409
5419,2205458
39072,2205508
5472,2205516
5614,2205524
4748,2205532
2831,2205540
8504,2205557
4653,2205565
6738,2205573
4052,2205581
5154,2205599
5307,2205607
30177,2205706
25467,2205805
8276,2205854
5348,2205904
8439,2205953
4550,2206001
6434,2206050
10913,2206100
33684,2206209
1250,2206308
6617,2206357
10565,2206407
7729,2206506
10611,2206605
4533,2206654
6781,2206670
9105,2206696
7356,2206704
8536,2206720
4847,2206753
8661,2206803
6575,2206902
2979,2206951
36971,2207009
2449,2207108
6862,2207207
4132,2207306
3375,2207355
5051,2207405
14488,2207504
3953,2207553
10762,2207603
152653,2207702
4302,2207751
6377,2207777
4023,2207793
20490,2207801
3685,2207850
38704,2207900
2529,2207934
4365,2207959
78002,2208007
12115,2208106
18389,2208205
28703,2208304
63694,2208403
12526,2208502
2700,2208551
3153,2208601
8966,2208650
8758,2208700
17978,2208809
4316,2208858
4464,2208874
7305,2208908
6431,2209005
6232,2209104
4004,2209153
6252,2209203
5836,2209302
4625,2209351
5258,2209377
6388,2209401
2155,2209450
3785,2209500
4444,2209559
2954,2209609
5731,2209658
6425,2209708
3025,2209757
4999,2209807
4602,2209856
6019,2209872
6157,2209906
4832,2209955
7937,2209971
20537,2210003
5338,2210052
3750,2210102
6710,2210201
6353,2210300
4568,2210359
2642,2210375
2449,2210383
3040,2210391
17686,2210409
14255,2210508
34535,2210607
3488,2210623
4286,2210631
10024,2210656
14615,2210706
12663,2210805
4576,2210904
6692,2210938
2908,2210953
2756,2210979
861442,2211001
44396,2211100
21457,2211209
20906,2211308
4956,2211357
4397,2211407
3075,2211506
2990,2211605
4454,2211704
11663,2300101
15399 ,2300150
62557,2300200
53931,2300309
17303,2300408
11529,2300507
7521,2300606
17096,2300705
43131,2300754
7328,2300804
14814,2300903
79563,2301000
74084,2301109
26437 ,2301208
10901,2301257
21550,2301307
11346,2301406
7836,2301505
23417,2301604
24699,2301703
6272,2301802
18151,2301851
60155,2301901
22362 ,2301950
22593,2302008
14989,2302057
35575,2302107
53421,2302206
32593,2302305
54440,2302404
49109,2302503
63408,2302602
27409,2302701
78049,2302800
17793,2302909
22427,2303006
18802,2303105
27095,2303204
18950,2303303
17747,2303402
71499,2303501
20562,2303600
10437,2303659
363982,2303709
25249,2303808
13047,2303907
13476,2303931
19345,2303956
23258,2304004
74982,2304103
131372,2304202
17994,2304236
24131,2304251
9585,2304269
7211,2304277
52880,2304285
18882,2304301
24169,2304350
2643247,2304400
16357,2304459
13758,2304509
6956,2304608
15423,2304657
54729,2304707
4469,2304806
11076,2304905
26472,2304954
39713,2305001
3595,2305100
20352,2305209
66114,2305233
13317,2305266
24995,2305308
12419,2305332
19804,2305357
67972,2305407
103255,2305506
26168,2305605
11587,2305654
12439,2305704
41873,2305803
38205,2305902
14227,2306009
24003,2306108
7787,2306207
39518,2306256
52240,2306306
128135,2306405
20133,2306504
41445,2306553
20786,2306603
18102,2306702
11359,2306801
34729,2306900
33967,2307007
27284,2307106
7902,2307205
19587,2307254
271926,2307304
24773,2307403
31584,2307502
59278,2307601
19906,2307635
226128,2307650
127098,2307700
27127,2307809
11143,2307908
38424,2308005
46854,2308104
15030,2308203
28466,2308302
13241,2308351
13669,2308377
35662,2308401
44060,2308500
17167,2308609
62069,2308708
8689,2308807
22354,2308906
14485,2309003
12892,2309102
15520,2309201
32262,2309300
28557,2309409
25557,2309458
21471,2309508
71193,2309607
83157,2309706
12046,2309805
6246,2309904
9348,2310001
13214,2310100
34097,2310209
32700,2310258
31398,2310308
11664,2310407
43160,2310506
9010,2310605
37326,2310704
16281,2310803
20748,2310852
16827,2310902
10853,2310951
12334,2311009
15047,2311108
10986,2311207
6400,2311231
21000,2311264
87116,2311306
14986,2311355
79081,2311405
22008,2311504
27633,2311603
18945,2311702
76884,2311801
15808,2311900
16435,2311959
32216,2312007
17622,2312106
43695,2312205
46949,2312304
48516,2312403
7691,2312502
12938,2312601
26664,2312700
7553,2312809
206644,2312908
18291,2313005
30695,2313104
25731,2313203
8926,2313252
58517,2313302
18998,2313351
75140,2313401
55535,2313500
16015,2313559
34530,2313609
7729,2313708
19811,2313757
21725,2313807
13763,2313906
18368,2313955
40704,2314003
60355,2314102
11152,2400109
57644,2400208
11041,2400307
3230,2400406
13602,2400505
4761,2400604
14326,2400703
11724,2400802
7137,2400901
35814,2401008
27162,2401107
14192,2401206
9638,2401305
9218,2401404
27994,2401453
4002,2401503
5469,2401602
2250,2401651
10152,2401701
12609,2401800
6537,2401859
3652,2401909
67554,2402006
11142,2402105
33999,2402204
20443,2402303
8119,2402402
10651,2402501
73099,2402600
11178,2402709
5508,2402808
4908,2402907
8014,2403004
44664,2403103
7080,2403202
255793,2403251
5608,2403301
6036,2403400
10527,2403509
28222,2403608
5972,2403707
3039,2403756
9121,2403806
2836,2403905
4095,2404002
2726,2404101
25980,2404200
12997,2404309
10302,2404408
15349,2404507
13628,2404606
15354,2404705
2228,2404804
7501,2404853
5858,2404903
9026,2405009
6863,2405108
5289,2405207
10087,2405306
5117,2405405
2617,2405504
14730,2405603
12395,2405702
34747,2405801
2655,2405900
5957,2406007
18274,2406106
3873,2406155
6728,2406205
7503,2406304
2731,2406403
15477,2406502
8192,2406601
11208,2406700
4755,2406809
3966,2406908
10086,2407005
79743,2407104
31584,2407203
3978,2407252
8358,2407302
8692,2407401
12194,2407500
4568,2407609
11295,2407708
22239,2407807
2127,2407906
294076,2408003
877640,2408102
27260,2408201
37233,2408300
4272,2408409
4812,2408508
4232,2408607
3787,2408706
5201,2408805
21408,2408904
10789,2408953
13076,2409100
3075,2409209
12701,2409308
5480,2409332
30183,2409407
3275,2409506
2478,2409605
6780,2409704
14767,2409803
14984,2409902
3806,2410009
15294,2410108
7827,2410207
6765,2410256
10266,2410306
9516,2410405
5067,2410504
3194,2410603
3543,2410702
4209,2410801
8034,2410900
4472,2411007
4071,2411056
3608,2411106
39355,2411205
12954,2411403
2670,2411429
23988,2411502
2778,2411601
4401,2411700
3573,2411809
4200,2411908
101102 ,2412005
6179,2412104
43640,2412203
12833,2412302
4602,2412401
23380,2412500
9531,2412559
17436,2412609
6014,2412708
8212,2412807
11057,2412906
6397,2413003
6044,2413102
4395,2413201
5774,2413300
11790,2413359
8065,2413409
6281,2413508
4784,2413557
2799,2413607
5481,2413706
2545,2413805
12261,2413904
15581,2414001
10715,2414100
5883,2414159
13916,2414209
2407,2414308
33734,2414407
3259,2414456
10591,2414506
14516,2414605
5485,2414704
4149,2414753
12323,2414803
1712,2414902
3146,2415008
10161,2500106
5571,2500205
28623,2500304
20589,2500403
14367,2500502
5473,2500536
2488,2500577
19391,2500601
17941,2500700
2227,2500734
8337,2500775
17079,2500809
13438,2500908
20215,2501005
22978,2501104
2140,2501153
6935,2501203
19190,2501302
3870,2501351
8933,2501401
21210,2501500
4831,2501534
8249,2501575
15268,2501609
5939,2501708
96550,2501807
17640,2501906
7335,2502003
3393,2502052
5423,2502102
6972,2502151
2547,2502201
4994,2502300
11797,2502409
17751,2502508
6186,2502607
5395,2502706
13993,2502805
6433,2502904
21698,2503001
5503,2503100
66680,2503209
10182,2503308
3729,2503407
17159,2503506
7145,2503555
7292,2503605
61776,2503704
3181,2503753
5982,2503803
5994,2503902
407472,2504009
6424,2504033
4140,2504074
2631,2504108
7431,2504157
4929,2504207
30343,2504306
4807,2504355
18904,2504405
6649,2504504
24323,2504603
4785,2504702
15423,2504801
1907,2504850
17366,2504900
7763,2505006
20343,2505105
6823,2505204
6349,2505238
5242,2505279
2521,2505303
5289,2505352
8279,2505402
3773,2505501
6575,2505600
10429,2505709
3610,2505808
3505,2505907
33003,2506004
11355,2506103
2990,2506202
8448,2506251
58492,2506301
14131,2506400
3403,2506509
5956,2506608
11790,2506707
18101,2506806
24537,2506905
24653,2507002
18501,2507101
10801,2507200
14349,2507309
7732,2507408
800323,2507507
7896,2507606
18041,2507705
7104,2507804
10717,2507903
9886,2508000
4679,2508109
7643,2508208
27385,2508307
2749,2508406
7371 ,2508505
4294,2508554
12944,2508604
4020,2508703
5766,2508802
44657,2508901
11092,2509008
8460,2509057
21808,2509107
6565,2509156
13742,2509206
8327,2509305
4516,2509339
2889,2509370
6506,2509396
13308,2509404
5598,2509503
4789,2509602
33007,2509701
9878,2509800
10458,2509909
7312,2510006
10651,2510105
5978,2510204
4840,2510303
6592,2510402
3912,2510501
3033,2510600
1786,2510659
2402,2510709
106984,2510808
12260,2510907
3800,2511004
7766,2511103
28389,2511202
16038,2511301
18706,2511400
11855,2511509
6680,2511608
5105,2511707
10572,2511806
18904,2511905
18429,2512002
3777,2512036
4276,2512077
32749,2512101
4141,2512200
23215,2512309
13630,2512408
43917,2512507
1929,2512606
19340,2512705
6064,2512721
3564,2512747
4500,2512754
4477,2512762
1951,2512788
8587,2512804
24088,2512903
3919,2513000
12149,2513109
6574,2513158
6585,2513208
5907,2513307
3597,2513356
15336,2513406
5198,2513505
7077,2513604
2685,2513653
135807,2513703
4585,2513802
2532,2513851
33796,2513901
4492,2513927
2581,2513943
3087,2513968
3371,2513984
4313,2514008
4430,2514107
7680,2514206
6255,2514305
4665,2514404
5915,2514453
20053,2514503
3908,2514552
3526,2514602
1791,2514651
4134,2514701
3723,2514800
7745,2514909
7124,2515005
11753,2515104
3466,2515203
52443,2515302
10728,2515401
13630,2515500
3141,2515609
3089,2515708
7041,2515807
6131,2515906
4958,2515930
7751,2515971
26592,2516003
14837,2516102
3516,2516151
69161,2516201
16864,2516300
10887,2516409
15185 ,2516508
14614,2516607
15072,2516706
3035,2516755
9466,2516805
15300,2516904
9902,2517001
2779,2517100
5323,2517209
2225,2517407
99622,2600054
37111,2600104
19456,2600203
24702,2600302
36454,2600401
43195,2600500
14554,2600609
38375,2600708
22959,2600807
22788,2600906
11072,2601003
20312,2601052
83964,2601102
73844,2601201
14257,2601300
42552,2601409
12023,2601508
20728,2601607
76185,2601706
12671,2601805
60714,2601904
37909,2602001
48336,2602100
39132,2602209
38152,2602308
8999,2602407
7486,2602506
50249,2602605
13119,2602704
57825,2602803
205112,2602902
33934,2603009
20258,2603108
28570,2603207
11089,2603306
5753,2603405
156736,2603454
18627,2603504
8530,2603603
24835,2603702
20048,2603801
19491,2603900
12836,2603926
82872,2604007
356872,2604106
14313,2604155
42434,2604205
11722,2604304
13428,2604403
21579,2604502
26249,2604601
18144,2604700
12596,2604809
11635,2604908
24041,2605004
36841,2605103
18734,2605152
68448,2605202
31885,2605301
22013,2605400
3021,2605459
14365,2605509
22631,2605608
32556,2605707
15366,2605806
30780,2605905
138983,2606002
30504,2606101
79455,2606200
7435,2606309
83437,2606408
19152,2606507
29055,2606606
7756,2606705
115640,2606804
12209,2606903
22840,2607000
4554,2607109
94709,2607208
30512,2607307
4869,2607406
26390,2607505
25836,2607604
36422,2607653
13680,2607703
26397,2607752
16903,2607802
697636,2607901
11668,2607950
17070,2608008
14740,2608057
33563,2608107
16036,2608206
11361,2608255
14747,2608305
15323,2608404
17886,2608453
21397,2608503
13065,2608602
16262,2608701
25349,2608750
39982,2608800
56302,2608909
25278,2609006
15851,2609105
21085,2609154
11473,2609204
15308,2609303
62263,2609402
32366,2609501
391835,2609600
23833,2609709
14827,2609808
68939,2609907
62994,2610004
7789,2610103
26492,2610202
11478,2610301
21914,2610400
28972,2610509
56074,2610608
329117,2610707
22566,2610806
67047,2610905
36187,2611002
343865,2611101
11299,2611200
27033,2611309
14831,2611408
25896,2611507
6822,2611533
1637834,2611606
20443,2611705
47209,2611804
23440,2611903
10103,2612000
10768,2612109
60604,2612208
15823,2612307
26026,2612406
15236,2612455
12531,2612471
105936,2612505
14390,2612554
41759,2612604
14048,2612703
11764,2612802
15717,2612901
58956,2613008
37119,2613107
22686,2613206
21314,2613305
21004,2613404
33895,2613503
33789,2613602
112362,2613701
17950,2613800
85774,2613909
19133,2614006
35761,2614105
45359,2614204
11270,2614303
5993,2614402
64520,2614501
28371,2614600
12890,2614709
25417,2614808
23149,2614857
28416,2615003
7139,2615102
9983,2615201
50956,2615300
44254,2615409
13724,2615508
30222,2615607
15265,2615706
27052,2615805
8192,2615904
18298,2616001
9514,2616100
7666,2616183
20503,2616209
32513,2616308
137915,2616407
14691,2616506
20162,2700102
17564,2700201
230417,2700300
47000,2700409
15792,2700508
8264,2700607
18455,2700706
4406,2700805
6696,2700904
27168,2701001
10529,2701100
10730,2701209
21194,2701308
6918,2701357
56579,2701407
9549,2701506
17726,2701605
17124,2701704
9000,2701803
7319,2701902
10744,2702009
21575,2702108
5826,2702207
56562,2702306
24129,2702355
51763,2702405
11054,2702504
18153,2702553
22152,2702603
4729,2702702
12773,2702801
40588,2702900
15606,2703007
25649,2703106
24408,2703205
18378,2703304
5288,2703403
7036,2703502
8317,2703601
5597,2703700
11624,2703759
23903,2703809
4175,2703908
24731,2704005
17934,2704104
28495,2704203
1012382,2704302
19891,2704401
32369,2704500
9326,2704609
51364,2704708
13337,2704807
3534,2704906
25226,2705002
24649,2705101
17676,2705200
5337,2705309
7153,2705408
28137,2705507
12615,2705606
21437,2705705
9303,2705804
5117,2705903
11591,2706000
11456,2706109
4985,2706208
73096,2706307
24446,2706406
10527,2706422
13016,2706448
15232,2706505
7568,2706604
63516,2706703
17805,2706802
35008,2706901
2911,2707008
24891,2707107
14354,2707206
27079,2707305
7873,2707404
20018,2707503
11342,2707602
74838,2707701
6680,2707800
7272,2707909
47486,2708006
10755,2708105
6953,2708204
23855,2708303
32111,2708402
34415,2708501
60775,2708600
7888,2708709
34011,2708808
13716,2708907
13818,2708956
6187,2709004
19886,2709103
43960,2709152
27632,2709202
65461,2709301
25773,2709400
2368,2800100
21443,2800209
648939,2800308
10168,2800407
18396,2800506
29873,2800605
26731,2800670
8264,2800704
17997,2801009
4011,2801108
29430,2801207
33904,2801306
21724,2801405
16324,2801504
5880,2801603
18190,2801702
3977,2801900
5059,2802007
68804,2802106
5567,2802205
15283,2802304
11606,2802403
3307,2802502
5811,2802601
8519,2802700
17761,2802809
94696,2802908
41684,2803005
4921,2803104
33994,2803203
18576,2803302
13085,2803401
103576,2803500
29567,2803609
6877,2803708
3665,2803807
12581,2803906
17153,2804003
11322,2804102
15120,2804201
7610,2804300
18735,2804409
8783,2804458
36514,2804508
26460,2804607
6470,2804706
181503,2804805
14347,2804904
3236,2805000
9538,2805109
6523,2805208
9199,2805307
34412,2805406
23586,2805505
28497,2805604
29559,2805703
19800,2805802
10140,2805901
18528,2806008
10697,2806107
19970,2806206
13947,2806305
7714,2806404
3904,2806503
12051,2806602
89027,2806701
11065,2806800
3987,2806909
3913,2807006
40486,2807105
8813,2807204
3204,2807303
51843,2807402
13061,2807501
25033,2807600
8767,2900108
19814,2900207
15129,2900306
16784,2900355
16901,2900405
10662,2900504
4478,2900603
150832,2900702
22449,2900801
5566,2900900
37031 ,2901007
25224,2901106
16097,2901155
18194,2901205
13153,2901304
14690,2901353
14017,2901403
11142,2901502
19093,2901601
11691,2901700
11715,2901809
17673,2901908
7360,2901957
13229,2902005
12143,2902054
54099,2902104
11332,2902203
11079,2902252
8813,2902302
11774,2902401
13824,2902500
20488,2902609
13217,2902658
53231,2902708
20813,2902807
32018,2902906
13900,2903003
5821,2903102
153831,2903201
14802,2903235
15846,2903276
5743,2903300
23214,2903409
17317,2903508
15975,2903607
12953,2903706
18622,2903805
68609,2903904
9942,2903953
14288,2904001
16637,2904050
21520,2904100
10300,2904209
14370,2904308
10493,2904407
10341,2904506
67048,2904605
18391,2904704
21067,2904753
7043,2904803
18698,2904852
33861,2904902
23045,2905008
9372,2905107
15524,2905156
50861,2905206
18356,2905305
17913,2905404
13260,2905503
31968,2905602
293723,2905701
35248,2905800
28844,2905909
70912,2906006
9719,2906105
26020,2906204
31301,2906303
8338,2906402
86677,2906501
14268,2906600
25332,2906709
34784,2906808
16752,2906824
11660,2906857
30451,2906873
9107,2906899
21937,2906907
9240,2907004
28965,2907103
71366,2907202
26209,2907301
3555,2907400
54424,2907509
9340,2907558
17252,2907608
11154,2907707
33356,2907806
17097,2907905
17458,2908002
18746,2908101
22392,2908200
17332,2908309
66191,2908408
32909,2908507
25630,2908606
17319,2908705
4086,2908804
22719,2908903
8585,2909000
14240,2909109
15801 ,2909208
32081,2909307
13796,2909406
5349,2909505
21040,2909604
13872,2909703
62871,2909802
34389,2909901
10906,2910008
79685,2910057
12155,2910107
4050,2910206
8119,2910305
17593,2910404
41654,2910503
36882,2910602
59842,2910701
112318,2910727
17601,2910750
5668,2910776
609913,2910800
16410,2910859
5604,2910909
10686,2911006
25311,2911105
32202,2911204
4487,2911253
11206,2911303
15208,2911402
7276,2911501
20679,2911600
7239,2911659
84014,2911709
20991,2911808
13076 ,2911857
24496,2911907
9427 ,2912004
22014,2912103
19346,2912202
16162,2912301
18097,2912400
14856,2912509
4043,2912608
23343,2912707
8581,2912806
15760,2912905
16272,2913002
17150,2913101
26846,2913200
6194,2913309
15630,2913408
13367,2913457
26868,2913507
164844,2913606
39499,2913705
14625,2913804
45823,2913903
59763,2914000
9817,2914109
7243,2914208
8893,2914307
24942,2914406
28892,2914505
72386,2914604
30413,2914653
64325,2914703
212740,2914802
27891,2914901
15999,2915007
12462,2915106
14712,2915205
6914,2915304
14311,2915353
6770,2915403
20587,2915502
64521,2915601
8069,2915700
23358,2915809
6445,2915908
19499,2916005
22114,2916104
9008,2916203
10306,2916302
75470,2916401
35256,2916500
10328,2916609
8288,2916708
19646,2916807
14432,2916856
12624,2916906
36063,2917003
20375,2917102
18889,2917201
28457,2917300
10969,2917334
8496,2917359
14834,2917409
80394,2917508
54163,2917607
33385,2917706
18588,2917805
10691,2917904
155800,2918001
40232,2918100
14516,2918209
11540,2918308
24964,2918357
215183,2918407
9272,2918456
15307,2918506
5902,2918555
6406,2918605
3757,2918704
15555,2918753
23638,2918803
3934,2918902
3808,2919009
8546,2919058
8430,2919108
27170,2919157
195095,2919207
11315,2919306
12406,2919405
45388,2919504
84753,2919553
11364,2919603
18592,2919702
49474,2919801
7862,2919900
20737,2919926
3577,2919959
10016,2920007
18753,2920106
16830,2920205
8430,2920304
13397,2920403
13546,2920452
21295,2920502
44555,2920601
20518,2920700
10434,2920809
13931,2920908
46014,2921005
12116,2921054
22659,2921104
26159,2921203
11009,2921302
18195,2921401
8844,2921450
49565,2921500
8542,2921609
35383,2921708
12031,2921807
9244,2921906
41221,2922003
11114,2922052
26575,2922102
7399,2922201
11280,2922250
29387,2922300
22156,2922409
28451,2922508
13914,2922607
13095,2922656
16451,2922706
7802,2922730
6631,2922755
8172,2922805
9115,2922854
24493,2922904
42950,2923001
12241,2923035
15380,2923050
28152,2923100
21838,2923209
8557,2923308
17389,2923357
21703,2923407
8961,2923506
21518,2923605
31853,2923704
28956,2923803
9981,2923902
117014,2924009
13601,2924058
7298,2924108
17486,2924207
17269,2924306
34486,2924405
16234,2924504
20204,2924603
10482,2924652
10007,2924678
10952,2924702
24538,2924801
9272,2924900
26092,2925006
46862,2925105
39045,2925204
15012,2925253
146625,2925303
7549,2925402
28152,2925501
15121,2925600
12505,2925709
27422,2925758
25445,2925808
27533,2925907
8990,2925931
22610,2925956
41200,2926004
14295,2926103
22343,2926202
33403,2926301
35240,2926400
14843,2926509
52956,2926608
6304,2926657
13048,2926707
15289,2926806
11645,2926905
40475,2927002
9213 ,2927101
30767,2927200
15463,2927309
2857329,2927408
20694,2927507
14088,2927606
27626,2927705
6354,2927804
10656,2927903
37158,2928000
12751,2928059
39920,2928109
26517,2928208
8920,2928307
28192,2928406
10345,2928505
59512,2928604
100605,2928703
52413,2928802
33193,2928901
9042,2928950
14717,2929008
15310,2929057
21069,2929107
39338,2929206
18798,2929255
37139,2929305
5710,2929354
10417,2929370
11645,2929404
44164,2929503
17387,2929602
19644,2929701
11978,2929750
12883,2929800
43941,2929909
11351,2930006
78588,2930105
31532,2930154
40703,2930204
17452,2930303
15064,2930402
80411,2930501
13347,2930600
132906,2930709
12965,2930758
10316,2930766
22806,2930774
16905 ,2930808
12517,2930907
20416,2931004
17285,2931053
7909,2931103
20889,2931202
17046,2931301
158445,2931350
7493,2931400
22479,2931509
14860,2931608
12965,2931707
16608,2931806
50568,2931905
24486,2932002
19914,2932101
19275,2932200
26795,2932309
13884,2932408
19034,2932457
19484,2932507
16651,2932606
20630,2932705
19098,2932804
95858,2932903
28130,2933000
14087,2933059
9130,2933109
12772,2933158
8895,2933174
42706 ,2933208
6258,2933257
338885,2933307
9347,2933406
12299,2933455
21228,2933505
46440,2933604
6972,3100104
23223,3100203
13465,3100302
3994,3100401
9575,3100500
13600,3100609
2005,3100708
4448,3100807
19166,3100906
13477,3101003
25193,3101102
6032,3101201
2683,3101300
3003,3101409
35321,3101508
79481,3101607
6831,3101631
41642,3101706
7411,3101805
19745,3101904
14414,3102001
5799,3102050
11146,3102100
3973,3102209
15239,3102308
3606,3102407
4751,3102506
40747,3102605
9382,3102704
12242,3102803
8481,3102852
11432,3102902
9363,3103009
1609,3103108
2341,3103207
2066,3103306
36705,3103405
116691,3103504
2804,3103603
8425,3103702
6804,3103751
2833,3103801
9142,3103900
105083,3104007
10657,3104106
39793,3104205
14955,3104304
2751,3104403
5191,3104452
17888,3104502
14085,3104601
13064,3104700
4888,3104809
19094,3104908
7851,3105004
23757,3105103
4825,3105202
5713,3105301
32319,3105400
5443,3105509
136392,3105608
5250,3105707
20720,3105905
10248,3106002
3433,3106101
2501576,3106200
26396,3106309
7710,3106408
11995,3106507
4602,3106606
4705,3106655
432575,3106705
3430,3106804
14431,3106903
2532,3107000
40031,3107109
5091,3107208
49942,3107307
50166,3107406
6489,3107505
4190,3107604
6031,3107703
15010,3107802
10558,3107901
17598,3108008
6876,3108107
5544,3108206
11088,3108255
19202,3108305
14995,3108404
6350,3108503
16321,3108552
32288,3108602
4374,3108701
4835,3108800
14508,3108909
39520,3109006
11010,3109105
10377,3109204
4074,3109253
24663,3109303
27988,3109402
6909,3109451
14075,3109501
3616,3109600
11514,3109709
2677,3109808
11495,3109907
44377,3110004
5450,3110103
4002,3110202
14417,3110301
2934,3110400
21738,3110509
29278,3110608
12816,3110707
3711,3110806
16565,3110905
21056,3111002
19738,3111101
3810,3111150
53866,3111200
11658,3111309
8029,3111408
15356,3111507
28703,3111606
4579,3111705
12025,3111804
5612,3111903
14883,3112000
4498,3112059
5424,3112109
4673,3112208
37856,3112307
6952,3112406
9679,3112505
16109,3112604
5420,3112653
15153,3112703
8601,3112802
9287,3112901
23586,3113008
3200,3113107
25327,3113206
32988,3113305
91503,3113404
9396,3113503
6721,3113602
19007,3113701
2617,3113800
12158,3113909
11439,3114006
14769,3114105
22257,3114204
30324,3114303
21180,3114402
19144,3114501
9986,3114550
4044,3114600
3560,3114709
4495,3114808
2260,3114907
3057,3115003
17739,3115102
3962,3115201
74691,3115300
5330,3115359
3629,3115409
6366,3115458
5008,3115474
21703,3115508
1171,3115607
7017,3115706
10425,3115805
3121,3115904
5709,3116001
15368,3116100
13397,3116159
2702,3116209
6774,3116308
4810,3116407
7590,3116506
28366,3116605
7517,3116704
8907,3116803
3103,3116902
7090,3117009
10261,3117108
2811,3117207
27425,3117306
4570,3117405
17641,3117504
5480,3117603
13590,3117702
11525,3117801
7595,3117836
6657,3117876
11813,3117900
54196,3118007
5044,3118106
6908,3118205
127539,3118304
22892,3118403
1782,3118502
659070,3118601
9191,3118700
26592,3118809
8883,3118908
3534,3119005
23797,3119104
10040,3119203
27982,3119302
109405,3119401
9228,3119500
3080,3119609
3426,3119708
3241,3119807
3714,3119906
6290,3119955
2814,3120003
4396,3120102
6646,3120151
12660,3120201
5960,3120300
5145,3120409
10258,3120508
5014,3120607
4134,3120706
15358,3120805
4960,3120839
7656,3120870
79625,3120904
5399,3121001
8035,3121100
7098,3121209
10291,3121258
4996,3121308
7232,3121407
2919,3121506
47617,3121605
3814,3121704
7852,3121803
3411,3121902
19884,3122009
4984,3122108
7527,3122207
235977,3122306
6702,3122355
5996,3122405
10820,3122454
3699,3122470
5097,3122504
4482,3122603
5243,3122702
3007,3122801
6523,3122900
10081,3123007
5185,3123106
13541,3123205
4289,3123304
1521,3123403
1905,3123502
7811,3123528
27823,3123601
11064,3123700
7244,3123809
5362,3123858
15214,3123908
18829,3124005
70200,3124104
24773,3124203
31624,3124302
4673,3124401
11321,3124500
2361,3124609
3508,3124708
7936,3124807
11218,3124906
3904,3125002
35474,3125101
2379,3125200
3262,3125309
4804,3125408
3161,3125507
7409,3125606
15235,3125705
3394,3125804
9949,3125903
10957,3125952
7386,3126000
67540,3126109
9431,3126208
4387,3126307
2927,3126406
10343,3126505
5187,3126604
26181,3126703
5446,3126752
5891,3126802
9555,3126901
3469,3126950
17701,3127008
4601,3127057
5441,3127073
58962,3127107
4304,3127206
6844,3127305
5122,3127339
3136,3127354
3328,3127370
3940,3127388
4345,3127404
6145,3127503
11833,3127602
278685,3127701
15779,3127800
1389,3127909
34057,3128006
14233,3128105
10333,3128204
4954,3128253
19025,3128303
8903,3128402
3818,3128501
6591,3128600
51750,3128709
7105,3128808
7971,3128907
8442,3129004
5704,3129103
6524,3129202
10867,3129301
5033,3129400
25035,3129509
8351,3129608
5975,3129657
13687,3129707
179015,3129806
3483,3129905
2982,3130002
11879,3130051
42246,3130101
10709,3130200
7971,3130309
6488,3130408
12303,3130507
6865,3130556
7297,3130606
7363,3130655
6829,3130705
2757,3130804
24204,3130903
6228,3131000
7467,3131109
18438,3131158
19717,3131208
261344,3131307
4217,3131406
10039,3131505
6944,3131604
119186,3131703
11446,3131802
51281,3131901
5353,3132008
18142,3132107
13278,3132206
12681,3132305
96389,3132404
34527,3132503
4333,3132602
23212,3132701
2107,3132800
10229,3132909
15440,3133006
15236,3133105
12212,3133204
21096,3133303
15102,3133402
21763,3133501
9682,3133600
11037,3133709
16014,3133758
92561,3133808
5470,3133907
14956,3134004
6039,3134103
104067,3134202
6048,3134301
38822,3134400
3809,3134509
19858,3134608
12329,3134707
7681,3134806
25684,3134905
3124,3135001
38413,3135050
5378,3135076
71265,3135100
67628,3135209
4314,3135308
8556,3135357
4973,3135407
7645,3135456
12460,3135506
7597,3135605
5215,3135704
25305,3135803
4795,3135902
15410,3136009
4674,3136108
79387,3136207
48561,3136306
4662,3136405
10780,3136504
4516,3136520
4938,3136553
4844,3136579
5718,3136603
26484,3136652
564310,3136702
4316,3136801
10441,3136900
5733,3136959
18026,3137007
7627,3137106
51601,3137205
4124,3137304
12953,3137403
17991,3137502
9454,3137536
63359,3137601
19928,3137700
20719,3137809
3404,3137908
6786,3138005
6522,3138104
102728,3138203
3233,3138302
4915,3138351
52532,3138401
5109,3138500
16671,3138609
7481,3138625
9008,3138658
6275,3138674
6680,3138682
5454,3138708
18172,3138807
7110,3138906
41844,3139003
5087,3139102
18700,3139201
6532,3139250
18594,3139300
89256,3139409
22608,3139508
27640,3139607
7904,3139706
12725,3139805
14136,3139904
60142,3140001
4134,3140100
15207,3140159
2959,3140209
4044,3140308
2784,3140407
13330,3140506
8299,3140530
8526,3140555
4482,3140605
30798,3140704
14385,3140803
11050,3140852
18808,3140902
12508,3141009
37473,3141108
3758,3141207
3771,3141306
20882,3141405
6446,3141504
10720,3141603
5666,3141702
31471,3141801
3896,3141900
13557,3142007
10721,3142106
14913,3142205
4861,3142254
4904,3142304
7479,3142403
2240,3142502
8648,3142601
15012,3142700
20999,3142809
21017,3142908
13180,3143005
47682,3143104
4889,3143153
21534,3143203
404804,3143302
23569,3143401
8180,3143450
8815,3143500
2488,3143609
3211,3143708
6065,3143807
108113,3143906
26997,3144003
20594,3144102
3219,3144201
40839,3144300
6939,3144359
3314,3144375
4731,3144409
8555,3144508
26709,3144607
10263,3144656
3255,3144672
17607,3144706
93577,3144805
3627,3144904
15280,3145000
7504,3145059
16610,3145109
99770,3145208
31326,3145307
10731,3145356
5273,3145372
1775,3145406
6018,3145455
2765,3145505
41529,3145604
2136,3145703
3144,3145802
4647,3145851
7954,3145877
39121,3145901
33481,3146008
73994,3146107
5954,3146206
6332,3146255
20052,3146305
4510,3146404
8270,3146503
6084,3146552
1535,3146602
6621,3146701
5671,3146750
15543,3146909
92430,3147006
93101,3147105
21418,3147204
20940,3147303
24375,3147402
1664,3147501
16294,3147600
8112,3147709
2048,3147808
113998,3147907
5942,3147956
150833,3148004
90041,3148103
5652,3148202
9557,3148301
4849,3148400
8481,3148509
17545,3148608
24319,3148707
7065,3148756
3100,3148806
3969,3148905
2475,3149002
11246,3149101
11453,3149150
3626,3149200
63789,3149309
1808,3149408
3310,3149507
4379,3149606
11249,3149705
16009,3149804
21291,3149903
6847,3149952
4246,3150000
2763,3150109
8426,3150158
4140,3150208
4528,3150307
4955,3150406
8631,3150505
4894,3150539
7490,3150570
6421,3150604
6044,3150703
17618,3150802
5455,3150901
8550,3151008
10731,3151107
56208,3151206
10816,3151305
27755,3151404
34456,3151503
11968,3151602
16734,3151701
166111,3151800
8508,3151909
31583,3152006
59605,3152105
4237,3152131
12061,3152170
37950,3152204
11208,3152303
16491,3152402
148862,3152501
5981,3152600
8979,3152709
27688,3152808
8642,3152907
3573,3153004
5398,3153103
3676,3153202
3004,3153301
19377,3153400
8333,3153509
10629,3153608
3542,3153707
1934,3153806
16277,3153905
23814,3154002
10514,3154101
7105,3154150
11459,3154200
17398,3154309
4798,3154408
8138,3154457
9487,3154507
331045,3154606
4019,3154705
10203,3154804
13659,3154903
2599,3155009
5167,3155108
5549,3155207
5783,3155306
8941,3155405
12291,3155504
30779,3155603
14346,3155702
17858,3155801
5467,3155900
12957,3156007
4648,3156106
2289,3156205
7991,3156304
3547,3156403
4566,3156452
6198,3156502
10226,3156601
135421,3156700
15525,3156809
25989,3156908
41349,3157005
7007,3157104
30807,3157203
8113,3157252
3117,3157278
4454,3157302
8541,3157336
4177,3157377
4793,3157401
4438,3157500
3866,3157609
6345,3157658
13743,3157708
218147,3157807
16111,3157906
10836,3158003
5248,3158102
14620,3158201
7128,3158300
3853,3158409
7696,3158508
3971,3158607
2438,3158706
4807,3158805
8681,3158904
33934,3158953
4274,3159001
3789,3159100
8974,3159209
4905,3159308
7155,3159357
3449,3159407
5522,3159506
42751,3159605
3343,3159704
19608,3159803
18434,3159902
3602,3160009
3937,3160108
3877,3160207
11677,3160306
28054,3160405
7256,3160454
1770,3160504
3109,3160603
46555,3160702
5220,3160801
3721,3160900
5630,3160959
17393,3161007
3377,3161056
56163,3161106
6535,3161205
6200,3161304
4889,3161403
12164,3161502
4015,3161601
3963,3161650
6923,3161700
12218,3161809
10818,3161908
25332,3162005
35145,3162104
7407,3162203
4896,3162252
2753,3162302
25235,3162401
12899,3162450
89653,3162500
11440,3162559
5798,3162575
7553,3162609
4389,3162658
23524,3162708
15781,3162807
26272,3162906
30989,3162922
7371,3162948
23385,3162955
4255,3163003
4927,3163102
4183,3163201
3865,3163300
5454,3163409
6477,3163508
2775,3163607
45488,3163706
6933,3163805
4709,3163904
7858,3164001
5291,3164100
12139,3164209
7026,3164308
5455,3164407
2991,3164431
6479,3164472
10129,3164506
6684,3164605
70450,3164704
1520,3164803
2231,3164902
10922,3165008
7042,3165107
7056,3165206
7687,3165305
6869,3165404
6236,3165503
32069,3165537
12134,3165552
2661,3165560
5352,3165578
2007,3165602
7764,3165701
1545,3165800
4209,3165909
5786,3166006
3527,3166105
10451,3166204
7319,3166303
1848,3166402
4293,3166501
786,3166600
8685,3166709
11493,3166808
7670,3166907
4752,3166956
1970,3167004
20993,3167103
237286,3167202
2258,3167301
6227,3167400
2612,3167509
19528,3167608
5594,3167707
6112,3167806
3792,3167905
33858,3168002
3119,3168051
4711,3168101
1879,3168200
4055,3168309
14350,3168408
11650,3168507
140235,3168606
89090,3168705
7886,3168804
6539,3168903
16602,3169000
4093,3169059
6217,3169109
8201,3169208
78913,3169307
31984,3169356
56546,3169406
6698,3169505
25253,3169604
19797,3169703
5008,3169802
114265,3169901
12466,3170008
12449,3170057
330361,3170107
683247,3170206
2626,3170305
83808,3170404
4325,3170438
3267,3170479
10371,3170503
16547,3170529
6491,3170578
2158,3170602
4987,3170651
134477,3170701
7071,3170750
39173,3170800
19335,3170909
20537,3171006
9265,3171030
5712,3171071
3951,3171105
4832,3171154
125376,3171204
78286,3171303
3629,3171402
3227,3171501
13764,3171600
8685,3171709
10537,3171808
5420,3171907
42149,3172004
5243,3172103
2558,3172202
30720,3200102
9653,3200136
11131,3200169
30568,3200201
14566,3200300
7798,3200359
28736,3200409
7580,3200508
99305,3200607
11765,3200706
30862,3200805
44315,3200904
14982,3201001
9910,3201100
12381,3201159
207324,3201209
378603,3201308
37317,3201407
121580,3201506
30849,3201605
12638,3201704
4338,3201803
33711,3201902
6727,3202009
23014,3202108
21061,3202207
12535,3202256
30607,3202306
122982,3202405
25732,3202454
12365,3202504
8919,3202553
13745,3202603
13226,3202652
14109,3202702
34032,3202801
10619,3202900
29030,3203007
29904,3203056
11744,3203106
16614,3203130
10961,3203163
170364,3203205
15194,3203304
38108,3203320
16464,3203346
12700,3203353
26191,3203403
18770,3203502
5552,3203601
17613,3203700
15370,3203809
49780,3203908
23059,3204005
25982,3204054
26763,3204104
21363,3204203
7784,3204252
11488,3204302
19009,3204351
11618,3204401
12300,3204500
39849,3204559
23392,3204609
8589,3204658
37361,3204708
10566,3204807
128542,3204906
12318,3204955
507598,3205002
29449,3205010
21207,3205036
24800,3205069
76954,3205101
9171,3205150
14087,3205176
486208,3205200
358267,3205309
200407,3300100
11612,3300159
130439,3300209
12471,3300225
33240,3300233
30096,3300258
99969,3300308
183976,3300407
508614,3300456
27269,3300506
36985,3300605
222528,3300704
58560,3300803
15496,3300902
16039,3300936
8544,3300951
503424,3301009
20177,3301108
12826,3301157
18755,3301207
43295,3301306
23064,3301405
21806,3301504
11454,3301603
914383,3301702
13929,3301801
59613,3301850
27762,3301876
238695,3301900
125913,3302007
15113,3302056
23247,3302106
102626,3302205
31537,3302254
103960,3302270
7386,3302304
251631,3302403
5574,3302452
243657,3302502
43689,3302601
157789,3302700
18578,3302809
175620,3302858
25493,3302908
27195,3303005
15324,3303104
162269,3303203
511786,3303302
190084,3303401
818875,3303500
51815,3303609
44045,3303708
42630,3303807
27678,3303856
305687,3303906
24941,3303955
28999,3304003
18730,3304102
19381,3304110
14165,3304128
149265,3304144
24246,3304151
130334,3304201
59814,3304300
18451,3304409
9222,3304508
145989,3304524
6688927,3304557
10417,3304607
42359,3304706
42201,3304755
38626,3304805
1077687,3304904
36138,3305000
471888,3305109
7134,3305133
21670,3305158
102846,3305208
9326,3305307
18205,3305406
87704,3305505
86743,3305554
21773,3305604
15577,3305703
33870,3305752
180886,3305802
10611,3305901
81453,3306008
76163,3306107
10890,3306156
36702,3306206
271998,3306305
35023,3500105
3571,3500204
35954,3500303
8137,3500402
18599,3500501
6040,3500550
3380,3500600
37023,3500709
5918,3500758
4147,3500808
4134,3500907
16164,3501004
4110,3501103
18484,3501152
3712,3501202
24830,3501301
5179,3501400
3206,3501509
237112,3501608
39962,3501707
5956,3501806
71700,3501905
4933,3502002
57112,3502101
24969,3502200
6627,3502309
4085,3502408
36129,3502507
4234,3502606
24526,3502705
21854,3502754
195874,3502804
33499,3502903
5585,3503000
6348,3503109
2478,3503158
233744,3503208
132934,3503307
1811,3503356
8505,3503406
3876,3503505
11099,3503604
9573,3503703
53450,3503802
88455,3503901
1825,3503950
103666,3504008
141398,3504107
15123,3504206
5369,3504305
13433,3504404
90063,3504503
17236,3504602
5532,3504701
8994,3504800
10896,3504909
3441,3505005
7335,3505104
34961,3505203
36127,3505302
5688,3505351
7687,3505401
121344,3505500
32434,3505609
271306,3505708
20954,3505807
62024,3505906
374272,3506003
77436,3506102
2955,3506201
11137,3506300
61736,3506359
7949,3506409
122359,3506508
32251,3506607
14824,3506706
12204,3506805
11534,3506904
59793,3507001
24898,3507100
3923,3507159
836,3507209
4776,3507308
15925,3507407
2621,3507456
144820,3507506
166753,3507605
5630,3507704
2841,3507753
24592,3507803
24163,3507902
19789,3508009
17003,3508108
4447,3508207
4286,3508306
48966,3508405
93488,3508504
33067,3508603
18961,3508702
17689,3508801
4190,3508900
100129,3509007
5800,3509106
75638,3509205
28605,3509254
10486,3509304
25935,3509403
5991,3509452
1194094,3509502
83735,3509601
51763,3509700
4932,3509809
12539,3509908
5071,3509957
31212,3510005
2787,3510104
5139,3510153
47159,3510203
20419,3510302
55141,3510401
119625,3510500
398611,3510609
12303,3510708
30237,3510807
2542,3510906
20738,3511003
121210,3511102
7752,3511201
9125,3511300
19774,3511409
48074,3511508
17915,3511607
17009,3511706
8472,3511904
18398,3512001
6203,3512100
27820,3512209
17770,3512308
24221,3512407
5986,3512506
4728,3512605
4047,3512704
70998,3512803
7316,3512902
244694,3513009
34998,3513108
8541,3513207
2100,3513306
81895,3513405
129760,3513504
21639,3513603
33520,3513702
420934,3513801
1786,3513850
11208,3513900
8846,3514007
27112,3514106
2119,3514205
8868,3514304
46536,3514403
12457,3514502
9708,3514601
6141,3514700
15443,3514809
17604,3514908
3604,3514924
2456,3514957
270843,3515004
68856,3515103
3202,3515129
20284,3515152
44186,3515186
4779,3515194
8418,3515202
2762,3515301
9419,3515350
16001,3515400
68823,3515509
5771,3515608
1704,3515657
191993,3515707
1499,3515806
2934,3515905
14486,3516002
2699,3516101
350400,3516200
174008,3516309
152433,3516408
2776,3516507
6615,3516606
44370,3516705
4754,3516804
4762,3516853
10876,3516903
11370,3517000
4801,3517109
12039,3517208
5743,3517307
40533,3517406
21125,3517505
17293,3517604
21129,3517703
8357,3517802
11088,3517901
2002,3518008
6654,3518107
32774,3518206
29451,3518305
121073,3518404
18143,3518503
39714,3518602
318107,3518701
1365899,3518800
7602,3518859
5226,3518909
9462,3519006
14579,3519055
227353,3519071
11559,3519105
6348,3519204
8956,3519253
34726,3519303
12264,3519402
7663,3519501
59451,3519600
78262,3519709
8181,3519808
8124,3519907
24598,3520004
30246,3520103
9483,3520202
30721,3520301
34333,3520400
10965,3520426
26582,3520442
246908,3520509
4892,3520608
3908,3520707
3963,3520806
14869,3520905
36280,3521002
7401,3521101
5306,3521150
4238,3521200
16209,3521309
23846,3521408
7937,3521507
8261,3521606
17635,3521705
26861,3521804
15226,3521903
3782,3522000
100496,3522109
3326,3522158
173672,3522208
162231,3522307
93892,3522406
234352,3522505
74299,3522604
4213,3522653
42903,3522703
15125,3522802
13833,3522901
4860,3523008
366519,3523107
50360,3523206
17271,3523305
119090,3523404
20467,3523503
17922,3523602
6453,3523701
7830,3523800
172268,3523909
59649,3524006
41598,3524105
6911,3524204
76864,3524303
231863,3524402
6934,3524501
17842,3524600
56221,3524709
49011,3524808
6485,3524907
123481,3525003
43774,3525102
29456,3525201
148581,3525300
3168,3525409
13098,3525508
4495,3525607
36655,3525706
4752,3525805
3315,3525854
414810,3525904
20524,3526001
18908,3526100
31235,3526209
4903,3526308
28240,3526407
11667,3526506
7207,3526605
102412,3526704
67859,3526803
303682,3526902
7864,3527009
77510,3527108
88276,3527207
2278,3527256
47748,3527306
21604,3527405
2385,3527504
14592,3527603
5723,3527702
4571,3527801
2663,3527900
17111,3528007
8093,3528106
3704,3528205
3136,3528304
46852,3528403
98374,3528502
9780,3528601
5757,3528700
13967,3528809
2996,3528858
4077,3528908
237130,3529005
2117,3529104
26289,3529203
82702,3529302
468148,3529401
5413,3529500
3848,3529609
1910,3529658
22093,3529708
12849,3529807
19919,3529906
3066,3530003
29418,3530102
18178,3530201
59333,3530300
4822,3530409
68788,3530508
440769,3530607
150713,3530706
92715,3530805
3478,3530904
2252,3531001
55731,3531100
7964,3531209
50216,3531308
24794,3531407
19050,3531506
4166,3531605
4608,3531704
58765,3531803
32641,3531902
13458,3532009
4720,3532058
4466,3532108
3103,3532157
4809,3532207
6681,3532306
18346,3532405
8936,3532504
11427,3532603
5126,3532702
6875,3532801
9647,3532827
1911,3532843
1255,3532868
11013,3532900
21307,3533007
2308,3533106
3883,3533205
5712,3533254
4041,3533304
59371,3533403
40680,3533502
7386,3533601
4287,3533700
2522,3533809
54406,3533908
4339,3534005
6487,3534104
6935,3534203
43687,3534302
696850,3534401
2602,3534500
32754,3534609
112711,3534708
10177,3534757
8503,3534807
14130,3534906
12786,3535002
13058,3535101
9340,3535200
22168,3535309
15690,3535408
45455,3535507
18180,3535606
6411,3535705
19993,3535804
4061,3535903
10980,3536000
6360,3536109
19570,3536208
2153,3536257
14529,3536307
7274,3536406
106776,3536505
1832,3536570
8930,3536604
46251,3536703
6075,3536802
2508,3536901
16676,3537008
47361,3537107
3085,3537156
11240,3537206
63047,3537305
25660,3537404
8560,3537503
67548,3537602
5922,3537701
55149,3537800
28963,3537909
166475,3538006
16877,3538105
15021,3538204
3685,3538303
13742,3538501
27140,3538600
400949,3538709
29741,3538808
25259,3538907
11362,3539004
18604,3539103
27295,3539202
75930,3539301
13503,3539400
39349,3539509
5167,3539608
3521,3539707
116530,3539806
6004,3539905
21851,3540002
3432,3540101
49047,3540200
4580,3540259
2577,3540309
4186,3540408
9779,3540507
52785,3540606
55787,3540705
24143,3540754
17201,3540804
3971,3540853
21110,3540903
319146,3541000
5204,3541059
4108,3541109
13190,3541208
44006,3541307
227072,3541406
39448,3541505
40027,3541604
3753,3541653
14006,3541703
3351,3541802
13228,3541901
6587,3542008
9050,3542107
29688,3542206
3863,3542305
20124,3542404
9399,3542503
56249,3542602
7504,3542701
3351,3542800
13137,3542909
16684,3543006
4682,3543105
4542,3543204
2227,3543238
7666,3543253
122607,3543303
694534,3543402
5607,3543501
3618,3543600
10786,3543709
10003,3543808
204797,3543907
34704,3544004
50241,3544103
12342,3544202
17015,3544251
10621,3544301
3093,3544400
3125,3544509
5564,3544608
2435,3544707
6253,3544806
11779,3544905
17022,3545001
5262,3545100
8176,3545159
117561,3545209
44972,3545308
9297,3545407
4248,3545506
15397,3545605
5993,3545704
192536,3545803
14717,3546009
2118,3546108
4461,3546207
2124,3546256
33975,3546306
47395,3546405
5611,3546504
32076,3546603
26403,3546702
56792,3546801
8779,3546900
6107,3547007
2935,3547106
1507,3547205
136517,3547304
2510,3547403
27514,3547502
26322,3547601
1539,3547650
20889,3547700
716109,3547809
6880,3547908
23085,3548005
8356,3548054
5968,3548104
6794,3548203
3086,3548302
4736,3548401
432957,3548500
10862,3548609
833240,3548708
160275,3548807
249415,3548906
2826,3549003
90637,3549102
2574,3549201
1912,3549250
2111,3549300
51447,3549409
8895,3549508
4151,3549607
54763,3549706
456245,3549805
713943,3549904
15667,3549953
10684,3550001
40781,3550100
32859,3550209
12176866,3550308
35318,3550407
7636,3550506
89943,3550605
87596,3550704
12205,3550803
15257,3550902
363173,3551009
10177,3551108
3646,3551207
3470,3551306
14334,3551405
44555,3551504
29001,3551603
124453,3551702
12884,3551801
17328,3551900
6264,3552007
40648,3552106
671186,3552205
7708,3552304
278571,3552403
294638,3552502
3911,3552551
12328,3552601
16345,3552700
285570,3552809
6240,3552908
13569,3553005
6268,3553104
5568,3553203
23182,3553302
25830,3553401
7850,3553500
12970,3553609
2810,3553658
56984,3553708
23180,3553807
5792,3553856
7395,3553906
14812,3553955
120533,3554003
311854,3554102
4574,3554201
23019,3554300
9302,3554409
41622,3554508
2663,3554607
2401,3554656
9963,3554706
1709,3554755
46642,3554805
5781,3554904
6808,3554953
65477,3555000
15404,3555109
2012,3555208
1759,3555307
6216,3555356
89747,3555406
4754,3555505
10068,3555604
1823,3555703
9108,3555802
1177,3555901
13727,3556008
13115,3556107
127123,3556206
26130,3556305
10378,3556354
42573,3556404
51702,3556453
120572,3556503
10864,3556602
77308,3556701
18775,3556800
8626,3556909
1834,3556958
121331,3557006
93736,3557105
2684,3557154
12418,3557204
11198,3557303
7507,4100103
5983,4100202
9269,4100301
117168,4100400
2209,4100459
21933,4100509
14679,4100608
9896,4100707
11306,4100806
6181,4100905
18989,4101002
2816,4101051
20139,4101101
2927,4101150
19011,4101200
7441,4101309
133726,4101408
121198,4101507
27925,4101606
3128,4101655
13939,4101705
141410,4101804
2151,4101853
15289,4101903
33397,4102000
26011,4102109
3902,4102208
12787,4102307
31526,4102406
11714,4102505
10238,4102604
2781,4102703
3567,4102752
15395,4102802
16377,4102901
4165,4103008
2538,4103024
6411,4103040
7643,4103057
12755,4103107
3577,4103156
6995,4103206
3274,4103222
6749,4103305
5473,4103354
2719,4103370
2914,4103404
17775,4103453
4080,4103479
8533,4103503
25252,4103602
105704,4103701
7813,4103800
14366,4103909
3917,4103958
42880,4104006
3905,4104055
7894,4104105
130091,4104204
28885,4104253
94212,4104303
15233,4104402
15903,4104428
13306,4104451
19099,4104501
15724,4104600
22993,4104659
14283,4104709
324476,4104808
71151,4104907
10213,4105003
10891,4105102
17725,4105201
11709,4105300
19343,4105409
81393,4105508
12503,4105607
16671,4105706
240840,4105805
23879,4105904
8777,4106001
3843,4106100
18326,4106209
17024,4106308
47847,4106407
7475,4106456
20892,4106506
3313,4106555
4264,4106571
20917,4106605
4489,4106704
18675,4106803
2980,4106852
1917185,4106902
15003,4107009
5146,4107108
3454,4107124
5239,4107157
40234,4107207
8621,4107256
5976,4107306
5990,4107405
14020,4107504
1732,4107520
4481,4107538
4188,4107546
3139,4107553
17185,4107603
98368,4107652
4777,4107702
5690,4107736
7845,4107751
4953,4107801
4645,4107850
6695,4107900
10646,4108007
2679,4108106
6700,4108205
258823,4108304
6101,4108320
89942,4108403
4745,4108452
13735,4108502
2996,4108551
28962,4108601
7170,4108650
5742,4108700
32923,4108809
6553,4108908
8664,4108957
3820,4109005
2246,4109104
5473,4109203
12733,4109302
180334,4109401
7679,4109500
36595,4109609
5305,4109658
31142,4109708
6334,4109757
53970,4109807
8025,4109906
4366,4110003
2258,4110052
12936,4110078
32179,4110102
11129,4110201
3103,4110300
4449,4110409
15092,4110508
14073,4110607
2325,4110656
60357,4110706
10241,4110805
4487,4110904
10961,4110953
6616,4111001
6107,4111100
11831,4111209
28187,4111258
2951,4111308
13791,4111407
32035,4111506
8128,4111555
3238,4111605
5244,4111704
39435,4111803
13494,4111902
34683,4112009
21122,4112108
5400,4112207
4995,4112306
9349,4112405
11465,4112504
1343,4112603
12536,4112702
8495,4112751
11803,4112801
3315,4112900
7391,4112959
6983,4113007
4154,4113106
47909,4113205
5921,4113254
32006,4113304
3984,4113403
3391,4113429
4762,4113452
22927,4113502
4755,4113601
563943,4113700
7285,4113734
4845,4113759
4894,4113809
13595,4113908
13252,4114005
22531,4114104
34281,4114203
26411,4114302
2639,4114351
16787,4114401
13494,4114500
52379,4114609
5720,4114708
35180,4114807
8858,4114906
7067,4115002
10354,4115101
417010,4115200
6586,4115309
5624,4115358
14346,4115408
4472,4115457
4681,4115507
17775,4115606
34207,4115705
3340,4115739
10397,4115754
45812,4115804
5493,4115853
2231,4115903
1816,4116000
10700,4116059
12201,4116109
16366,4116208
3958,4116307
4008,4116406
1534,4116505
3456,4116604
10650,4116703
5550,4116802
27821,4116901
5063,4116950
8170,4117008
11603,4117057
13225,4117107
5785,4117206
4220,4117214
8171,4117222
10552,4117255
5856,4117271
2848,4117297
22327,4117305
3430,4117404
5975,4117453
40777,4117503
50198,4117602
33757,4117701
13389,4117800
31564,4117909
13631,4118006
11361,4118105
153666,4118204
3164,4118303
87813,4118402
5535,4118451
81893,4118501
5837,4118600
7321,4118709
13985,4118808
6092,4118857
11144,4118907
6407,4119004
12606,4119103
130789,4119152
6327,4119202
2725,4119251
32219,4119301
25291,4119400
111052,4119509
30635,4119608
3185,4119657
4254,4119707
13528,4119806
348043,4119905
26636,4119954
13084,4120002
4821,4120101
3292,4120150
2561,4120200
4068,4120309
3726,4120333
5221,4120358
5260,4120408
11114,4120507
51961,4120606
4560,4120655
7420,4120705
23199,4120804
4000,4120853
33788,4120903
12180,4121000
4640,4121109
18873,4121208
4426,4121257
3832,4121307
2682,4121356
16894,4121406
14851,4121505
6818,4121604
26602,4121703
7950,4121752
10693,4121802
13112,4121901
15134,4122008
3225,4122107
13283,4122156
4083,4122172
32273,4122206
33922,4122305
65757,4122404
10058,4122503
9534,4122602
4886,4122651
6760,4122701
3679,4122800
4973,4122909
14695,4123006
3385,4123105
3376,4123204
7849,4123303
11885,4123402
26206,4123501
1624,4123600
8603,4123709
14521,4123808
3834,4123824
9824,4123857
11829,4123907
3944,4123956
5031,4124004
10182 ,4124020
23224,4124053
45728,4124103
2656,4124202
2144,4124301
20069,4124400
5431,4124509
6834,4124608
11213,4124707
10303,4124806
5874,4124905
10386,4125001
14996,4125100
9074,4125209
5559,4125308
5698,4125357
6254,4125407
3682,4125456
317476,4125506
2158,4125555
45806,4125605
27325,4125704
5976,4125753
10915,4125803
2338,4125902
8847,4126009
5693,4126108
6751,4126207
95543,4126256
5459,4126272
19267,4126306
4513,4126355
5355,4126405
16323,4126504
20778,4126603
3033,4126652
14548,4126678
5080,4126702
16062,4126801
5584,4126900
12163,4127007
78135,4127106
16984,4127205
16652,4127304
17439,4127403
20436,4127502
16646,4127601
138572,4127700
8032,4127809
12043,4127858
8509,4127882
8599,4127908
8128,4127957
13340,4127965
21119,4128005
110590,4128104
57111,4128203
2595,4128302
11356,4128401
19444,4128500
11703,4128534
8590,4128559
7342,4128609
2799,4128625
5609,4128633
4023,4128658
6817,4128708
5728,4128807
2577,4200051
17847,4200101
10711,4200200
5385,4200309
7138,4200408
6455,4200507
2378,4200556
6378,4200606
9984,4200705
1948,4200754
5721,4200804
4860,4200903
7313,4201000
3236,4201109
8411,4201208
10636,4201257
4266,4201273
36710,4201307
67578,4201406
8587,4201505
3551,4201604
2246,4201653
7889,4201703
3226,4201802
5676,4201901
12705,4201950
138732,4202008
10550,4202057
10692,4202073
2708,4202081
1704,4202099
28463,4202107
6311,4202131
2703,4202156
11526,4202206
67458,4202305
352460,4202404
3460,4202438
19193,4202453
4712,4202503
2961,4202537
2146,4202578
9870,4202602
5169,4202701
33016,4202800
3718,4202859
2473,4202875
131703,4202909
77863,4203006
6167,4203105
3357,4203154
80834,4203204
2556,4203253
11974,4203303
7081,4203402
8636,4203501
35930,4203600
12080,4203709
54319,4203808
22658,4203907
24559,4203956
10735,4204004
3735,4204103
2738,4204152
3181,4204178
2969,4204194
216654,4204202
16544,4204251
74106,4204301
4385,4204350
10022,4204400
2544,4204459
15709,4204509
13040,4204558
213023,4204608
11053,4204707
1957,4204756
39595,4204806
8308,4204905
15450,4205001
4105,4205100
4013,4205159
3189,4205175
2066,4205191
4407,4205209
10686,4205308
1586,4205357
492977,4205407
2525,4205431
26368,4205456
36299,4205506
2077,4205555
2956,4205605
22568,4205704
17800,4205803
68465,4205902
14333,4206009
6542,4206108
11423,4206207
23272,4206306
10154,4206405
43822,4206504
5141,4206603
4710,4206652
22495,4206702
1959,4206751
3227,4206801
18802,4206900
55581,4207007
14005,4207106
10326,4207205
44412,4207304
6153,4207403
67923,4207502
2927,4207577
4486,4207601
8945,4207650
7448,4207684
7565,4207700
4015,4207759
10339,4207809
1952,4207858
11155,4207908
6209,4208005
21556,4208104
215895,4208203
63250,4208302
16736,4208401
19963,4208450
24812,4208500
3955,4208609
10457,4208708
19755,4208807
174158,4208906
1595,4208955
29827,4209003
583144,4209102
4985,4209151
2110,4209177
2245,4209201
157743,4209300
45500,4209409
1437,4209458
6875,4209508
15174,4209607
12099,4209706
3083,4209805
4580,4209854
11942,4209904
12609,4210001
5686,4210035
1784,4210050
56017,4210100
3430,4210209
8048,4210308
7207,4210407
25403,4210506
1846,4210555
16704,4210605
2560,4210704
7028,4210803
2336,4210852
4200,4210902
11592,4211009
9824,4211058
8280,4211108
17642,4211207
2898,4211256
79285,4211306
4945,4211405
4333,4211454
14312,4211504
14987,4211603
2481,4211652
22785,4211702
18510,4211751
7317,4211801
2227,4211850
1537,4211876
2363,4211892
168259,4211900
7475,4212007
2603,4212056
16182,4212106
19218,4212205
3515,4212239
8594,4212254
4186,4212270
7418,4212304
4000,4212403
31764,4212502
2814,4212601
10022,4212650
5971,4212700
22511,4212809
19906,4212908
3513,4213005
3965,4213104
2850,4213153
32874,4213203
4714,4213302
3408,4213351
11552,4213401
20834,4213500
35250,4213609
17189,4213708
7326,4213807
1590,4213906
17215,4214003
2290,4214102
2911,4214151
9946,4214201
2868,4214300
6208,4214409
5979,4214508
7456,4214607
11542,4214706
70100,4214805
4601,4214904
42106,4215000
2482,4215059
4636,4215075
11502,4215109
4890,4215208
7626,4215307
3808,4215356
4680,4215406
12446,4215455
16741,4215505
2247,4215554
2137,4215604
8338,4215653
8801,4215679
2484,4215687
1286,4215695
22905,4215703
2386,4215752
83576,4215802
2862,4215901
11191,4216008
5499,4216057
9457,4216107
51677,4216206
6359,4216255
36244,4216305
3707,4216354
7280,4216404
26763,4216503
242927,4216602
13838,4216701
8421,4216800
23857,4216909
13165,4217006
3189,4217105
1833,4217154
40090,4217204
5709,4217253
9679,4217303
20728,4217402
17506,4217501
3270,4217550
13920,4217600
30010,4217709
2500,4217758
18302,4217808
8691,4217907
1646,4217956
37645,4218004
5354,4218103
43484,4218202
7812,4218251
19183,4218301
3891,4218350
7070,4218400
7687,4218509
7284,4218608
104937,4218707
4561,4218756
12806,4218806
2517,4218855
11195,4218905
2472,4218954
21190,4219002
3575,4219101
2522,4219150
4534,4219176
6347,4219200
52510,4219309
5014,4219358
3932,4219408
50309,4219507
3963,4219606
28424,4219705
3328,4219853
12570,4220000
4858,4300034
3753,4300059
16524,4300109
7063,4300208
6077,4300307
74173,4300406
3559,4300455
1979,4300471
6458,4300505
1663,4300554
3020,4300570
209213,4300604
6974,4300638
7416,4300646
1324,4300661
6003,4300703
13055,4300802
3600,4300851
5622,4300877
6283,4300901
20637,4301008
9842,4301057
2921,4301073
14123,4301107
13332,4301206
18351,4301305
10425,4301404
6706,4301503
3573,4301552
120943,4301602
13760,4301636
6139,4301651
6627,4301701
7454,4301750
5295,4301800
3238,4301859
4202,4301875
13423,4301909
1726,4301925
2527,4301958
11216,4302006
2031,4302055
119049,4302105
2104,4302154
6712,4302204
2473,4302220
2590,4302238
2788,4302253
11391,4302303
13846,4302352
1987,4302378
12265,4302402
7726,4302451
6356,4302501
2135,4302584
3397,4302600
5043,4302659
20929,4302709
33702,4302808
12705,4302907
82547,4303004
129307,4303103
5055,4303202
4856,4303301
4788,4303400
66034,4303509
2724,4303558
6456,4303608
3380,4303673
5553,4303707
5471,4303806
66156,4303905
4596,4304002
3345,4304101
31306,4304200
6246,4304309
9519,4304358
44489,4304408
55871,4304507
344957,4304606
1729,4304614
1668,4304622
52004,4304630
3602,4304655
25297,4304663
4589,4304671
11810,4304689
2750,4304697
61949,4304705
8187,4304713
29409,4304804
1404,4304853
9010,4304903
3189,4304952
8851,4305009
504069,4305108
2905,4305116
6136,4305124
4676,4305132
2327,4305157
12058,4305173
14074,4305207
9300,4305306
40301,4305355
3306,4305371
3794,4305405
6635,4305439
5401,4305447
15912,4305454
4775,4305504
2442,4305587
3221,4305603
6746,4305702
9915,4305801
1507,4305835
2327,4305850
2518,4305871
7385,4305900
1641,4305934
3868,4305959
2769,4305975
13544,4306007
7950,4306056
2851,4306072
60693,4306106
1870,4306130
12290,4306205
4744,4306304
2852,4306320
2478,4306353
3026,4306379
32205,4306403
2044,4306429
3394,4306452
15338,4306502
2541,4306551
38589,4306601
3086,4306700
4639,4306734
1994,4306759
40643,4306767
22520,4306809
25791,4306908
1088,4306924
8542,4306932
2829,4306957
2995,4306973
105059,4307005
3167,4307054
6828,4307104
4902,4307203
7040,4307302
3277,4307401
2969,4307450
15584,4307500
5976,4307559
49345,4307609
83121,4307708
33820,4307807
3660,4307815
2458,4307831
2721,4307864
71570,4307906
6690,4308003
2346,4308052
4455,4308078
13451,4308102
30430,4308201
1796,4308250
10370,4308300
6715,4308409
2424,4308433
4356,4308458
31120,4308508
34684,4308607
2963,4308656
5580,4308706
8409,4308805
1642,4308854
16240,4308904
16151,4309001
7988,4309050
35875,4309100
2106,4309126
4297,4309159
279398,4309209
1516,4309258
98043,4309308
25475,4309407
7614,4309506
4812,4309555
3018,4309571
19267,4309605
6714,4309654
4788,4309704
4412,4309753
4719,4309803
7338,4309902
4027,4309951
20284,4310009
36450,4310108
83173,4310207
4091,4310306
22309,4310330
3116,4310363
6228,4310405
2235,4310413
6588,4310439
1899,4310462
7344,4310504
5459,4310538
3470,4310553
2125,4310579
37757,4310603
2441,4310652
3420,4310702
1940,4310751
23880,4310801
3848,4310850
2679,4310876
3576,4310900
26869,4311007
10937,4311106
3773,4311122
3518,4311130
8554,4311155
19364,4311205
2884,4311239
6442,4311254
1611,4311270
27834,4311304
82951,4311403
2561,4311429
7516,4311502
5289,4311601
5980,4311627
1708,4311643
5464,4311700
4613,4311718
2990,4311734
7291,4311759
6749,4311775
2680,4311791
43435,4311809
4488,4311908
3881,4311981
2054,4312005
4024,4312054
4864,4312104
2538,4312138
4456,4312153
1665,4312179
4443,4312203
8045,4312252
4824,4312302
1466,4312351
3220,4312377
2564,4312385
64788,4312401
3056,4312427
2979,4312443
6546,4312450
6344,4312476
12760,4312500
4948,4312609
3151,4312617
1888,4312625
17484,4312658
1689,4312674
11760,4312708
3586,4312757
4690,4312807
9824,4312906
1798,4312955
3321,4313003
2710,4313011
5292,4313037
21317,4313060
2548,4313086
6508,4313102
21156,4313201
26849,4313300
2268,4313334
3661,4313359
28670,4313375
4169,4313391
246452,4313409
3394,4313425
2223,4313441
1727,4313466
4154,4313490
45557,4313508
3880,4313607
11306,4313656
33481,4313706
7058,4313805
43170,4313904
9269,4313953
7585,4314001
7599,4314027
3812,4314035
57660,4314050
5656,4314068
6493,4314076
201767,4314100
2287,4314134
8459,4314159
2010,4314175
7755,4314209
3893,4314308
341648,4314407
5696,4314423
2577,4314456
1965,4314464
4372,4314472
4842,4314498
12351,4314506
2968,4314548
2357,4314555
20621,4314605
10152,4314704
2094,4314753
3908,4314779
1572,4314787
36510,4314803
1479101,4314902
4765,4315008
2397,4315057
1415,4315073
10301,4315107
1668,4315131
2863,4315149
6249,4315156
1957,4315172
3951,4315206
22771,4315305
1846,4315313
2786,4315321
3789,4315354
11527,4315404
2101,4315453
15836,4315503
2849,4315552
210005,4315602
38284,4315701
4629,4315750
11300,4315800
5867,4315909
2352,4315958
21199,4316006
10583,4316105
5182,4316204
6899,4316303
39535,4316402
2613,4316428
2679,4316436
12416,4316451
2732,4316477
7705,4316501
16211,4316600
8099,4316709
1644,4316733
6522,4316758
129427,4316808
280505,4316907
6315,4316956
2545,4316972
8130,4317004
77763,4317103
72919,4317202
1734,4317251
29877,4317301
49493,4317400
77620,4317509
2134,4317558
42648,4317608
10305,4317707
2020,4317756
13923,4317806
14300,4317905
2343,4317954
60557,4318002
3065,4318051
18471,4318101
21633,4318200
62061,4318309
24078,4318408
4674,4318424
2561,4318432
2757,4318440
2562,4318457
2000,4318465
4739,4318481
2091,4318499
27410,4318507
6945,4318606
2378,4318614
3509,4318622
234947,4318705
43625,4318804
33668,4318903
21449,4319000
5474,4319109
3238,4319125
7663,4319158
5325,4319208
5863,4319307
3758,4319356
2000,4319364
2946,4319372
16250,4319406
25467,4319505
23690,4319604
3341,4319703
2239,4319711
2724,4319737
2219,4319752
8710,4319802
81198,4319901
140311,4320008
24205,4320107
10788,4320206
2924,4320230
7399,4320263
5093,4320305
2788,4320321
5553,4320354
17198,4320404
2000,4320453
5519,4320503
6433,4320552
1990,4320578
3685,4320602
2394,4320651
10183,4320677
14927,4320701
30967,4320800
4667,4320859
23651,4320909
10593,4321006
17266,4321105
57292,4321204
26838,4321303
3068,4321329
5479,4321352
13538,4321402
11088,4321436
32676,4321451
3004,4321469
5796,4321477
2827,4321493
38386,4321501
50760,4321600
2339,4321626
2693,4321634
10989,4321667
27837,4321709
23938,4321808
2725,4321832
4291,4321857
23963,4321907
5813,4321956
29207,4322004
5713,4322103
4560,4322152
1486,4322186
23824,4322202
4767,4322251
7980,4322301
3455,4322327
2049,4322343
1192,4322350
2354,4322376
127079,4322400
65846,4322509
3479,4322525
11732,4322533
5842,4322541
2104,4322558
71117,4322608
26618,4322707
25936,4322806
1835,4322855
4825,4322905
254101,4323002
4745,4323101
2904,4323200
3374,4323309
2102,4323358
4353,4323408
4283,4323457
2766,4323507
1565,4323606
2847,4323705
3177,4323754
2998,4323770
16025,4323804
15257,5000203
5268,5000252
38958,5000609
25128,5000708
8993,5000807
10620,5000856
8891,5000906
25431,5001003
47784,5001102
11963,5001243
6829,5001508
22717,5001904
11305,5002001
24508,5002100
7817,5002159
21738,5002209
11891,5002308
29743,5002407
13727,5002605
885711,5002704
6049,5002803
21876,5002902
24559,5002951
5839,5003108
15152,5003157
110806,5003207
20496,5003256
33516,5003306
12868,5003454
11239,5003488
5889,5003504
220965,5003702
12305,5003751
19234,5003801
3044,5003900
9981,5004007
9968,5004106
15977,5004304
7625,5004403
23886,5004502
20905,5004601
23140,5004700
8976,5004809
7108,5004908
25967,5005004
4034,5005103
6638,5005152
22968,5005202
7267,5005251
45932,5005400
27795,5005608
18256,5005681
54051,5005707
14085,5005806
21300,5006002
53517,5006200
3947,5006259
5455,5006275
42010,5006309
14048,5006358
7666,5006408
91082,5006606
17078,5006903
24258,5007109
36830,5007208
4819,5007307
19682,5007406
5403,5007505
7801,5007554
26363,5007695
10812,5007703
6515,5007802
56081,5007901
18828,5007935
11427,5007950
3583,5007976
21311,5008008
119465,5008305
6067,5008404
5424,5100102
25229,5100201
51615,5100250
18703,5100300
6659,5100359
11868,5100409
11238,5100508
10557,5100607
9979,5100805
3119,5101001
956,5101209
16690,5101258
9714,5101308
21987,5101407
8563,5101605
34619,5101704
60661,5101803
6452,5101852
19248,5101902
93882,5102504
15830,5102603
34558,5102637
42871,5102678
6710,5102686
4761,5102694
21311,5102702
10413,5102793
8695,5102850
19588,5103007
12052,5103056
5691,5103106
33224,5103205
37280,5103254
20513,5103304
30347,5103353
3973,5103361
19254,5103379
607153,5103403
5192,5103437
9377,5103452
21904,5103502
8199,5103601
13857,5103700
3537,5103809
7513,5103858
5487,5103908
3045,5103957
35497,5104104
15035,5104203
2725,5104500
7395,5104526
6587,5104542
3901,5104559
13163,5104609
27628,5104807
8366,5104906
9006,5105002
34815,5105101
40905,5105150
15370,5105176
11275,5105200
6059,5105234
63411,5105259
2099,5105309
15983,5105507
10700,5105580
16334,5105606
27536,5105622
15338,5105903
6056,5106000
13231,5106109
14909,5106158
3765,5106174
6526,5106182
3699,5106190
3928,5106208
12739,5106216
43919,5106224
20034,5106232
11694,5106240
21231,5106257
8990,5106265
3985,5106273
5199,5106281
11193,5106299
22246,5106307
2574,5106315
17456,5106372
34607,5106422
2676,5106455
32768,5106505
6578,5106653
1602,5106703
45093,5106752
12347,5106778
5429,5106802
11935,5106828
3050,5106851
16421,5107008
61038,5107040
17014,5107065
18967,5107107
2721,5107156
10081,5107180
2388,5107198
5159,5107206
4486,5107248
3136,5107263
4021,5107297
20312,5107305
5569,5107354
4674,5107404
3966,5107578
228857,5107602
17237,5107701
2495,5107743
3437,5107750
3330,5107768
8281,5107776
5023,5107792
16433,5107800
11615,5107859
25054,5107875
1622,5107883
139935,5107909
87815,5107925
9565,5107941
101764,5107958
13359,5108006
9862 ,5108055
3786,5108105
3672,5108204
3562,5108303
3128,5108352
282009,5108402
11216,5108501
25570,5108600
4578,5108808
3249,5108857
8428,5108907
9078,5108956
8583,5200050
19614,5200100
22182,5200134
2517,5200159
5676,5200175
1872,5200209
207070,5200258
27288,5200308
2005,5200506
6218,5200555
7558,5200605
8614,5200803
3778,5200829
6057,5200852
3185,5200902
381970,5201108
1137,5201207
21717,5201306
565957,5201405
2474,5201454
4163,5201504
3560,5201603
19959,5201702
10116,5201801
7756,5202155
2689,5202353
9635,5202502
3184,5202601
2425,5202809
4992,5203104
10922,5203203
29448,5203302
8813,5203401
24776,5203500
9488,5203559
4316,5203575
3659,5203609
5761,5203807
9433,5203906
2501,5203939
3302,5203962
7939,5204003
12297,5204102
1361,5204201
8102,5204250
15743,5204300
18715,5204409
89087,5204508
3759,5204557
3610,5204607
3649,5204656
12486,5204706
7437,5204805
7636,5204854
19764,5204904
2459,5204953
9976,5205000
3464,5205059
106618,5205109
5038,5205208
9693,5205307
22074,5205406
8507,5205455
9842,5205471
69829,5205497
19971,5205513
3404,5205521
2364,5205703
11050,5205802
9574,5205901
57759,5206206
2968,5206305
16852,5206404
3500,5206503
2871,5206602
3315,5206701
2923,5206800
2094,5206909
2488,5207105
7398,5207253
3710,5207352
12276,5207402
3286,5207501
6678,5207535
5722,5207600
13131,5207808
16100,5207907
119506,5208004
4325,5208103
3753,5208152
4830,5208301
11239,5208400
5574,5208509
69072,5208608
1495705,5208707
43260,5208806
22916,5208905
33986,5209101
5806,5209150
14211,5209200
2041,5209291
3940,5209408
1852,5209457
3714,5209606
21278,5209705
3622,5209804
13808,5209903
6152,5209937
15431,5209952
52465,5210000
26792,5210109
2893,5210158
31563,5210208
2815,5210307
42163,5210406
4668,5210562
5269,5210604
4605,5210802
22533,5210901
5316,5211008
25856,5211206
7097,5211305
8916,5211404
103652,5211503
2406,5211602
6073,5211701
49667,5211800
99674,5211909
2898,5212006
2474,5212055
7372,5212105
18587,5212204
1555,5212253
7643,5212303
205023,5212501
2373,5212600
8680,5212709
9646,5212808
2223,5212907
4366,5212956
13829,5213004
2612,5213053
29353,5213087
65420,5213103
1557,5213400
8527,5213509
8063,5213707
13115,5213756
4449,5213772
45716,5213806
2264,5213855
4377,5213905
15444,5214002
5066,5214051
3793,5214101
9022,5214408
29293,5214507
46039,5214606
2346,5214705
2199,5214804
12791,5214838
8218,5214861
2923,5214879
3293,5214903
9684,5215009
2985,5215207
113679,5215231
4445,5215256
15502,5215306
3797,5215405
6549,5215504
33228,5215603
3460,5215652
28313,5215702
2380,5215801
3589,5215900
2627,5216007
9972,5216304
10995,5216403
3116,5216452
10301,5216809
2314,5216908
24499,5217104
10501,5217203
24749,5217302
31225,5217401
89181,5217609
17777,5217708
45151,5218003
3830,5218052
4000,5218102
36375,5218300
3243,5218391
49416,5218508
10896,5218607
4784,5218706
4371,5218789
229651,5218805
19815,5218904
7642,5219001
6485,5219100
2892,5219209
5393,5219258
38485,5219308
3803,5219357
8573,5219407
3331,5219456
2388,5219506
3431,5219605
8931,5219704
4787,5219712
6123,5219738
73636,5219753
12791,5219803
6260,5219902
13387,5220009
1417,5220058
33470,5220108
5117,5220157
22067,5220207
4032,5220264
2035,5220280
20297,5220405
112224,5220454
8445,5220504
20573,5220603
6832,5220686
2977,5220702
3537,5221007
3416,5221080
7897,5221197
2837,5221304
125328,5221403
3501,5221452
4633,5221502
5195,5221551
2868,5221577
40217,5221601
13868,5221700
3078,5221809
164723,5221858
3816,5221908
13746,5222005
8611,5222054
6026,5222203
5758,5222302
2974703,5300108